X;Y;Y_hat;mAE;mSE
0.0;0.9565;0.355;0.0602;0.0362
1.0;3.3289;2.455;0.0874;0.0764
2.0;3.6005999999999996;4.555;0.0954;0.0911
3.0;6.5062000000000015;6.655000000000001;0.0149;0.0022
4.0;7.958000000000001;8.755;0.0797;0.0635
5.0;10.3748;10.855;0.048;0.0231
6.0;12.396700000000003;12.955000000000002;0.0558;0.0312
7.0;15.348900000000002;15.055000000000001;0.0294;0.0086
8.0;16.855600000000003;17.155;0.0299;0.009
9.0;18.615600000000004;19.255000000000003;0.0639;0.0409
